{
  "project_info": {
    "project_number": "452723119310",
    "firebase_url": "https://login-2bb38.firebaseio.com",
    "project_id": "login-2bb38",
    "storage_bucket": "login-2bb38.appspot.com"
  },
  "client": [
    {
      "client_info": {
        "mobilesdk_app_id": "1:452723119310:android:1cf2b5ee1a497434",
        "android_client_info": {
          "package_name": "com.example.truong.project"
        }
      },
      "oauth_client": [
        {
          "client_id": "452723119310-lcqsdmhm9acrhk1po7rgnlmbhbj8af6o.apps.googleusercontent.com",
          "client_type": 1,
          "android_info": {
            "package_name": "com.example.truong.project",
            "certificate_hash": "ef6f44ff98f72a560949395437e6328bf30b21c6"
          }
        },
        {
          "client_id": "452723119310-1rv02lt1gv1ljellvu8fcfi3llqiatgj.apps.googleusercontent.com",
          "client_type": 3
        }
      ],
      "api_key": [
        {
          "current_key": "AIzaSyCFKUFkkmk6Eld1DKGyveJ4VBg5JAqhejI"
        }
      ],
      "services": {
        "analytics_service": {
          "status": 1
        },
        "appinvite_service": {
          "status": 2,
          "other_platform_oauth_client": [
            {
              "client_id": "452723119310-1rv02lt1gv1ljellvu8fcfi3llqiatgj.apps.googleusercontent.com",
              "client_type": 3
            }
          ]
        },
        "ads_service": {
          "status": 2
        }
      }
    }
  ],
  "configuration_version": "1"
}